,Name,Area,AlexNet prop,AlexNet bool,ResNet152 prop,ResNet152 bool,VGG19_BN prop,VGG19_BN bool,Contrast
0,n01443537_0.JPEG,12096,0.009312120266258717,False,0.45760825276374817,True,0.00674465810880065,False,0.7629313305412508
1,n01443537_1.JPEG,7520,0.9937480688095093,True,0.8289159536361694,True,0.8408452868461609,True,0.9624108650292241
2,n01443537_2.JPEG,15876,0.9653154611587524,True,0.7995265126228333,True,0.3948841392993927,True,0.7954521127830453
3,n01443537_3.JPEG,7296,0.9162617325782776,True,0.8347854614257812,True,0.5701291561126709,True,0.8030956763416465
4,n01443537_4.JPEG,9072,0.9913028478622437,True,0.8158841133117676,True,0.9997674822807312,True,0.46606641572949514
5,n01443537_5.JPEG,15876,0.655665934085846,True,0.8703460097312927,True,0.392792284488678,True,0.6835691530083238
6,n01443537_6.JPEG,3120,0.9867842793464661,True,0.8227694034576416,True,0.9641513824462891,True,0.8854608764375926
7,n01443537_7.JPEG,15876,0.2487240582704544,True,0.8925886750221252,True,0.7148114442825317,True,0.8974087364114243
8,n01443537_8.JPEG,3256,0.05416155979037285,False,0.019093820825219154,False,0.0208747461438179,False,0.6537420188156073
9,n01443537_9.JPEG,5600,0.03367455303668976,False,0.8293184041976929,True,0.023897351697087288,False,0.7678057474044856
10,n01443537_10.JPEG,8892,0.864170253276825,True,0.7676717638969421,True,0.9667930603027344,True,0.9555555555555556
11,n01443537_11.JPEG,12688,0.9474800825119019,True,0.7968282699584961,True,0.9466312527656555,True,0.8367412306424696
12,n01443537_12.JPEG,13680,0.46824154257774353,True,0.7655404210090637,True,0.564073383808136,True,0.7609526439759916
13,n01443537_13.JPEG,432,0.8589378595352173,True,0.31339430809020996,True,0.5930359363555908,True,0.5911439860332629
14,n01443537_14.JPEG,3828,0.48484551906585693,True,0.8322946429252625,True,0.6433002352714539,True,0.7854541801652478
15,n01443537_15.JPEG,11440,0.014109532348811626,False,0.8142610788345337,True,0.0035269514191895723,False,0.7590758005446255
16,n01443537_16.JPEG,2816,0.8797222375869751,True,0.8289290070533752,True,0.9978456497192383,True,0.9265652174444426
17,n01443537_17.JPEG,12600,0.2998555898666382,True,0.7111644744873047,True,0.4396849274635315,True,0.9913287155705215
18,n01443537_18.JPEG,5248,0.01679185777902603,False,0.4834071099758148,True,0.014534975402057171,False,0.8413423891989021
19,n01443537_19.JPEG,10812,0.9510120153427124,True,0.828093945980072,True,0.8768103122711182,True,0.6426786880018991
20,n01443537_20.JPEG,5600,0.01297235582023859,False,0.5856459140777588,True,0.04403987154364586,False,0.5352048292103555
21,n01443537_21.JPEG,2208,0.007464830297976732,False,0.8034914135932922,True,0.0027529201470315456,False,0.7911454187388782
22,n01443537_22.JPEG,1056,0.019011447206139565,False,0.34828224778175354,True,0.002412286587059498,False,0.9533678848158089
23,n01443537_23.JPEG,12852,0.9726564288139343,True,0.8325318098068237,True,0.999723494052887,True,0.9449242184490066
24,n01443537_24.JPEG,10584,0.9938274025917053,True,0.7835413217544556,True,0.05706453695893288,False,0.6151646416622646
25,n01443537_25.JPEG,15372,0.052826423197984695,False,0.6768234372138977,True,0.20550408959388733,False,0.7432592742218486
26,n01443537_26.JPEG,14616,0.7372589707374573,True,0.7920845150947571,True,0.09173684567213058,False,0.621745104331103
27,n01443537_27.JPEG,4704,0.9983323216438293,True,0.8464000225067139,True,0.9965404868125916,True,0.6657396009558102
28,n01443537_28.JPEG,10080,0.00850602239370346,False,0.03298711031675339,False,0.0009356580558232963,False,0.9273007750420611
29,n01443537_29.JPEG,15876,0.7661510705947876,True,0.7227055430412292,True,0.42433246970176697,True,0.9786689160157797
30,n01443537_30.JPEG,9324,0.7003653645515442,True,0.44924768805503845,True,0.3985874652862549,True,0.7521130305297083
31,n01443537_31.JPEG,15372,0.018084973096847534,False,0.8609840273857117,True,0.05746246501803398,False,0.9808027683561512
32,n01443537_32.JPEG,8568,0.9793154001235962,True,0.7591601610183716,True,0.9417259097099304,True,0.8301859037012903
33,n01443537_33.JPEG,8640,0.1678306758403778,False,0.00961571279913187,False,0.003975029569119215,False,0.6329541118549005
34,n01443537_34.JPEG,9828,0.019009731709957123,False,0.06424841284751892,False,0.010024561546742916,False,0.8492556209410826
35,n01443537_35.JPEG,10488,0.015189025551080704,False,0.0006340533727779984,False,0.012178185395896435,False,0.9140156700076488
36,n01443537_36.JPEG,10332,0.9619296789169312,True,0.8527817726135254,True,0.9562191963195801,True,0.943381011764011
37,n01443537_37.JPEG,8856,0.07734206318855286,False,0.013922488316893578,False,0.0048672971315681934,False,0.6194870760475559
38,n01443537_38.JPEG,4416,0.3670062720775604,True,0.8587294816970825,True,0.8338525295257568,True,0.8962504269462178
39,n01443537_39.JPEG,12744,0.00023830021382309496,False,0.001621345174498856,False,0.0005464539281092584,False,0.8902137051938653
40,n01443537_40.JPEG,8892,0.0015721542295068502,False,0.021749157458543777,False,0.00023368098482023925,False,0.9979023799157364
41,n01443537_41.JPEG,5824,0.5776334404945374,True,0.8213524222373962,True,0.6932483315467834,True,0.625322190641836
42,n01443537_42.JPEG,7056,0.5767881870269775,True,0.857674777507782,True,0.9483104348182678,True,0.9277873742756686
43,n01443537_43.JPEG,13608,0.7692875266075134,True,0.8459390997886658,True,0.9663466811180115,True,0.5334873118196742
44,n01443537_44.JPEG,14364,0.0018418716499581933,False,0.007022506091743708,False,0.029029665514826775,False,0.8700961470289347
45,n01443537_45.JPEG,4512,0.001598185976035893,False,0.45212993025779724,True,0.004489851649850607,False,0.8230352602066504
46,n01443537_46.JPEG,13860,0.011016289703547955,False,0.4418916702270508,True,0.014312335290014744,False,0.7521487762574677
47,n01443537_47.JPEG,4416,0.0033348090946674347,False,0.4189935624599457,True,0.013950894586741924,False,0.3282225093032817
48,n01443537_48.JPEG,14364,0.014166086912155151,False,0.034829281270504,False,0.010328768752515316,False,0.7273683955678582
49,n01443537_49.JPEG,4712,0.8652635216712952,True,0.861966073513031,True,0.9921929240226746,True,0.9997097115496695
50,n01443537_50.JPEG,8648,0.3569180369377136,False,0.8189684748649597,True,0.9985785484313965,True,0.7499064474702545
51,n01443537_51.JPEG,1836,0.2280750572681427,True,0.8386977314949036,True,0.9674586057662964,True,0.7871780217985876
52,n01443537_52.JPEG,11956,0.3105250298976898,True,0.2270764410495758,False,0.047510720789432526,False,1.0
53,n01443537_53.JPEG,9540,0.5722283124923706,True,0.8415168523788452,True,0.2159120738506317,True,0.6656525317024088
54,n01443537_54.JPEG,3240,0.036016762256622314,False,0.010849778540432453,False,0.019840171560645103,False,0.849142251301962
55,n01443537_55.JPEG,15876,0.11166717112064362,False,0.5945356488227844,True,0.003797390731051564,False,0.8139672619383369
56,n01443537_56.JPEG,15624,0.6160929799079895,True,0.8236662745475769,True,0.27899935841560364,False,0.9359897042681316
57,n01443537_57.JPEG,14868,0.3912939727306366,True,0.34421709179878235,False,0.7735260725021362,True,0.9901111724043
58,n01443537_58.JPEG,10340,0.05654051899909973,False,0.8164400458335876,True,0.19747905433177948,True,0.9510298713638183
59,n01443537_59.JPEG,9576,0.9948015213012695,True,0.8156463503837585,True,0.9903516173362732,True,0.7415444716208509
60,n01443537_60.JPEG,9540,0.9774922728538513,True,0.7950996160507202,True,0.02502058446407318,False,0.5531167940895809
61,n01443537_61.JPEG,11656,0.006011608988046646,False,0.011962157674133778,False,0.006669928319752216,False,1.0
62,n01443537_62.JPEG,352,0.998332679271698,True,0.8220083117485046,True,0.9202341437339783,True,0.8091943936917012
63,n01443537_63.JPEG,1804,0.03466518595814705,False,0.8747159242630005,True,0.01734374463558197,False,0.9957859111213494
64,n01443537_64.JPEG,8816,0.004747137892991304,False,0.7274189591407776,True,0.015939492732286453,False,0.8099055272345641
65,n01443537_65.JPEG,10192,0.021811338141560555,False,0.007343899924308062,False,0.003071223385632038,False,0.783596427591175
66,n01443537_66.JPEG,5904,0.9663249850273132,True,0.7960569262504578,True,0.9787611961364746,True,0.9927217118227518
67,n01443537_67.JPEG,13200,0.08870221674442291,False,0.3633951246738434,True,0.007395513355731964,False,0.9687879253838129
68,n01443537_68.JPEG,4788,0.0028379815630614758,False,0.02604704350233078,False,0.005034076515585184,False,0.79409080096698
69,n01443537_69.JPEG,10836,0.9545300006866455,True,0.7994019389152527,True,0.9994423985481262,True,0.968341682301555
70,n01443537_70.JPEG,1352,0.46246787905693054,True,0.9016176462173462,True,0.21336117386817932,False,0.9948486295396453
71,n01443537_71.JPEG,1768,0.9079394936561584,True,0.759361743927002,True,0.3588586449623108,True,0.74967982973977
72,n01443537_72.JPEG,13452,0.9883835911750793,True,0.8060385584831238,True,0.9998593330383301,True,0.5060924187367455
73,n01443537_73.JPEG,11136,0.008049673400819302,False,0.10723526775836945,False,0.005944478791207075,False,0.8143224234686562
74,n01443537_74.JPEG,12852,0.5039013028144836,True,0.9089450836181641,True,0.7084971070289612,True,0.7140332475335984
75,n01443537_75.JPEG,4992,0.8517814874649048,True,0.8031095862388611,True,0.9952180981636047,True,0.6235426643361636
76,n01443537_76.JPEG,15624,0.9994489550590515,True,0.804498553276062,True,0.9987941980361938,True,0.8548620266655189
77,n01443537_77.JPEG,384,0.9790682792663574,True,0.8098122477531433,True,0.9940314888954163,True,0.799406499380539
78,n01443537_78.JPEG,140,0.1489565521478653,False,0.8562954068183899,True,0.015927212312817574,False,0.5821152037565493
79,n01443537_79.JPEG,1760,0.37319666147232056,True,0.9011602401733398,True,0.9996926784515381,True,0.5080913606518516
80,n01443537_80.JPEG,14384,0.6680267453193665,True,0.855424702167511,True,0.9998213648796082,True,0.8417636807823332
81,n01443537_81.JPEG,3400,0.9853277802467346,True,0.8562461733818054,True,0.9769192337989807,True,0.6971298064677725
82,n01443537_82.JPEG,15120,0.27010878920555115,True,0.32328784465789795,True,0.0031529793050140142,False,0.712024429493848
83,n01443537_83.JPEG,9576,0.8949634432792664,True,0.8318865299224854,True,0.9733900427818298,True,0.8339918604492892
84,n01443537_84.JPEG,3224,0.9655491709709167,True,0.8260360956192017,True,0.9998148083686829,True,0.5691975022240763
85,n01443537_85.JPEG,4100,0.013390975072979927,False,0.8338375687599182,True,0.3763424754142761,True,0.9595974932889847
86,n01443537_86.JPEG,12312,0.16308070719242096,False,0.5799813866615295,True,0.07848773151636124,False,0.9591400612596328
87,n01443537_87.JPEG,14364,0.9893497228622437,True,0.8586480617523193,True,0.777755856513977,True,0.4344133667815472
88,n01443537_88.JPEG,5760,0.8553155064582825,True,0.897308886051178,True,0.9376754760742188,True,0.7173714219929711
89,n01443537_89.JPEG,4752,0.9999762773513794,True,0.8292580842971802,True,0.999795138835907,True,0.902542468303595
90,n01443537_90.JPEG,9408,0.1170830950140953,False,0.06711101531982422,False,0.020943667739629745,False,0.7992608778872228
91,n01443537_91.JPEG,3280,0.9985874891281128,True,0.8138931393623352,True,0.9995548129081726,True,0.7570404807758894
92,n01443537_92.JPEG,12348,0.6462342739105225,True,0.7987933158874512,True,0.9835814237594604,True,0.8843836301609966
93,n01443537_93.JPEG,9360,0.1338041126728058,False,0.49003520607948303,True,0.8846029043197632,True,0.8728801565246329
94,n01443537_94.JPEG,4176,0.0070470282807946205,False,0.03308060020208359,False,0.00035245151957497,False,0.3833218905635292
95,n01443537_95.JPEG,11664,0.9504437446594238,True,0.8075826168060303,True,0.33382660150527954,True,0.67241117233517
96,n01443537_96.JPEG,7308,0.3681100308895111,True,0.7932773232460022,True,0.044639866799116135,False,0.3233821183998757
97,n01443537_97.JPEG,576,0.01716233417391777,False,0.00079478690167889,False,0.0022671809419989586,False,0.7027782636470105
98,n01443537_98.JPEG,5568,0.0025622681714594364,False,0.10635779798030853,False,0.0030513068195432425,False,0.8302852108660139
99,n01443537_99.JPEG,14868,0.9922418594360352,True,0.8410372138023376,True,0.9998564720153809,True,0.7924372445464044
100,n01443537_100.JPEG,10208,0.9999252557754517,True,0.8327090740203857,True,0.9999229907989502,True,0.8477002104246582
101,n01443537_101.JPEG,14616,0.16415750980377197,False,0.1500323861837387,False,0.03288426622748375,False,0.7460570703624323
102,n01443537_102.JPEG,7176,0.05755874142050743,False,0.670711874961853,True,0.2679062485694885,True,0.692679482193662
103,n01443537_103.JPEG,12688,0.001069365651346743,False,0.009472460485994816,False,0.012460362166166306,False,0.5237789328908663
104,n01443537_104.JPEG,8692,0.9910857081413269,True,0.8476168513298035,True,0.8504231572151184,True,0.5096780733543639
105,n01443537_105.JPEG,6708,0.015149272046983242,False,0.08712326735258102,True,0.4301508367061615,True,0.8151360075179522
106,n01443537_106.JPEG,6264,0.9884477257728577,True,0.7844836711883545,True,0.9996346235275269,True,0.8704863475373839
107,n01443537_107.JPEG,10836,0.11449529975652695,True,0.8474696278572083,True,0.7056474685668945,True,0.457610105750789
108,n01443537_108.JPEG,10608,0.986332356929779,True,0.7695696949958801,True,0.9662346839904785,True,0.6087224984563387
109,n01443537_109.JPEG,11592,0.6901338696479797,True,0.5075498223304749,True,0.8051209449768066,True,0.6559080295348886
110,n01443537_110.JPEG,10492,0.6201581954956055,True,0.8747396469116211,True,0.6490691900253296,True,0.6901297334275104
111,n01443537_111.JPEG,988,0.8731326460838318,True,0.8651736974716187,True,0.959627091884613,True,0.6765160545973256
112,n01443537_112.JPEG,14364,0.999957799911499,True,0.8442431092262268,True,0.9997537732124329,True,0.7675471572613451
113,n01443537_113.JPEG,10332,0.30438581109046936,True,0.009065994061529636,False,0.006260502152144909,False,0.9047824718048907
114,n01443537_114.JPEG,5084,0.0363847017288208,False,0.02329844981431961,False,0.007512008771300316,False,0.7292021413376347
115,n01443537_115.JPEG,10600,0.9082193374633789,True,0.842715322971344,True,0.9880948662757874,True,0.5855893400155404
116,n01443537_116.JPEG,7844,0.7620225548744202,True,0.8357865214347839,True,0.9798517823219299,True,0.9396950337086584
117,n01443537_117.JPEG,11600,0.2942635118961334,True,0.9154156446456909,True,0.5440189838409424,True,0.9903025766482881
118,n01443537_118.JPEG,2520,0.0020141019485890865,False,0.5804469585418701,True,0.02385144680738449,False,0.7763044799522407
119,n01443537_119.JPEG,15372,0.9912823438644409,True,0.8619361519813538,True,0.9997910857200623,True,0.6043524871643461
120,n01443537_120.JPEG,2400,0.23859387636184692,False,0.782023549079895,True,0.02380710281431675,False,0.98305803129669
121,n01443537_121.JPEG,1564,0.663129985332489,True,0.8159615993499756,True,0.94126296043396,True,0.9761570060275783
122,n01443537_122.JPEG,12932,0.924593448638916,True,0.8312248587608337,True,0.5410073399543762,True,0.8432622600015413
123,n01443537_123.JPEG,952,0.9600382447242737,True,0.7988098859786987,True,0.37706834077835083,True,0.8702457653411265
124,n01443537_124.JPEG,4048,0.0023587066680192947,False,0.003643054747954011,False,0.01728517934679985,False,0.5316947459353027
125,n01443537_125.JPEG,14396,0.9954991936683655,True,0.808194100856781,True,0.9966797828674316,True,0.8011371396273829
126,n01443537_126.JPEG,6840,0.36716029047966003,True,0.851813554763794,True,0.6962130069732666,True,0.8719365430902561
127,n01443537_127.JPEG,12348,0.9252914190292358,True,0.7667717337608337,True,0.24827176332473755,False,0.8087063698249576
128,n01443537_128.JPEG,2208,0.9798514246940613,True,0.7652366757392883,True,0.9555820822715759,True,0.8740341067811038
129,n01443537_129.JPEG,4176,0.0003178254119120538,False,0.021723823621869087,False,0.003689904697239399,False,0.6041912297500747
130,n01443537_130.JPEG,14112,0.9230638146400452,True,0.8131991624832153,True,0.8704657554626465,True,0.8996740308015053
131,n01443537_131.JPEG,7680,0.9401760697364807,True,0.8599159121513367,True,0.9178435206413269,True,0.6980717163651715
132,n01443537_132.JPEG,2960,0.25821661949157715,False,0.6897924542427063,True,0.9308096170425415,True,0.9269488902564663
133,n01443537_133.JPEG,40,0.5141335129737854,True,0.819709300994873,True,0.9527648687362671,True,0.6150681077532648
134,n01443537_134.JPEG,1056,0.8169803619384766,True,0.789181113243103,True,0.9082958102226257,True,0.6317241452346534
135,n01443537_135.JPEG,11424,0.5388638377189636,True,0.47821906208992004,True,0.05262327939271927,False,0.5509933983768053
136,n01443537_136.JPEG,9516,0.00013238667452242225,False,0.006359843537211418,False,0.0017929525347426534,False,0.88386312255943
137,n01443537_137.JPEG,6272,0.5867503881454468,True,0.8733407258987427,True,0.9955711960792542,True,0.9455286874332263
138,n01443537_138.JPEG,968,0.9971233010292053,True,0.8723901510238647,True,0.9999862909317017,True,0.5128873120122784
139,n01443537_139.JPEG,12528,0.16720809042453766,False,0.8318747878074646,True,0.18319636583328247,False,0.9143563476013865
140,n01443537_140.JPEG,4960,0.0054091778583824635,False,0.016917014494538307,False,0.03705254942178726,False,0.8615783574051097
141,n01443537_141.JPEG,3828,0.915704607963562,True,0.901872456073761,True,0.9359179139137268,True,0.6860414045970087
142,n01443537_142.JPEG,11224,0.9875797629356384,True,0.808493435382843,True,0.9911449551582336,True,0.982879743723041
143,n01443537_143.JPEG,8568,0.9464900493621826,True,0.8449390530586243,True,0.9306980967521667,True,0.996984473819524
144,n01443537_144.JPEG,7296,0.895546555519104,True,0.8297945261001587,True,0.14361289143562317,False,0.7888397652426723
145,n01443537_145.JPEG,9632,0.33549344539642334,True,0.8388153910636902,True,0.4758988320827484,True,0.8566664673999681
146,n01443537_146.JPEG,3100,0.9542833566665649,True,0.888638973236084,True,0.9997984766960144,True,0.5058620519105113
147,n01443537_147.JPEG,6080,0.9778518676757812,True,0.8747074604034424,True,0.998897910118103,True,0.9545968608562243
148,n01443537_148.JPEG,3432,0.10492583364248276,True,0.12030313163995743,False,0.06688075512647629,False,0.7092381808336636
149,n01443537_149.JPEG,14616,0.9982901215553284,True,0.8307702541351318,True,0.9782394766807556,True,0.9938524461110626
150,n01443537_150.JPEG,3968,0.07127073407173157,False,0.0022136277984827757,False,0.06510838866233826,False,0.42037630849845226
151,n01443537_151.JPEG,6300,0.028517968952655792,False,0.006394305266439915,False,0.0020948469173163176,False,0.9383654006162887
152,n01443537_152.JPEG,4640,0.0015716904308646917,False,0.6037177443504333,True,0.0005635932902805507,False,0.450696734123924
153,n01443537_153.JPEG,15372,0.0011552674695849419,False,0.005185727961361408,False,0.0010772726964205503,False,0.892462043143543
154,n01443537_154.JPEG,5856,0.986821711063385,True,0.7904530763626099,True,0.9994239807128906,True,0.9486061105961002
155,n01443537_155.JPEG,6512,9.253097232431173e-05,False,0.012185567058622837,False,0.0006444604950957,False,0.9171165272457197
156,n01443537_156.JPEG,11220,0.0802401751279831,False,0.695298433303833,True,0.01710314117372036,False,0.9278657188512875
157,n01443537_157.JPEG,5616,0.998206615447998,True,0.804713785648346,True,0.9628666639328003,True,0.5970794198903262
158,n01443537_158.JPEG,15876,0.9733890891075134,True,0.8434764742851257,True,0.941634476184845,True,0.7214729381422579
159,n01443537_159.JPEG,14364,0.9983677268028259,True,0.844973087310791,True,0.9998549222946167,True,0.7916282175239906
160,n01443537_160.JPEG,12852,0.029296260327100754,False,0.815101146697998,True,0.017964184284210205,False,0.8732846228607914
161,n01443537_161.JPEG,12444,0.5138462781906128,True,0.8547651767730713,True,0.24548457562923431,False,0.8844984088127296
162,n01443537_162.JPEG,7776,0.9914767146110535,True,0.8393049836158752,True,0.9608464241027832,True,0.9938728696014111
163,n01443537_163.JPEG,14364,0.996283233165741,True,0.7892249226570129,True,0.8165408372879028,True,0.7912841802632403
164,n01443537_164.JPEG,12096,0.2458701878786087,True,0.7532556056976318,True,0.009616471827030182,False,0.9005444122937929
165,n01443537_165.JPEG,1408,0.5441133975982666,True,0.9033356308937073,True,0.916037917137146,True,0.8057235648103925
166,n01443537_166.JPEG,2352,0.10363101959228516,False,0.012889073230326176,False,0.06371457129716873,False,0.7125615126592911
167,n01443537_167.JPEG,15876,0.0011999874841421843,False,0.008300622925162315,False,0.018041325733065605,False,0.7978537191251825
168,n01443537_168.JPEG,15624,0.3408919870853424,True,0.8305999040603638,True,0.9421255588531494,True,0.41851985025520755
169,n01443537_169.JPEG,15372,0.07086314260959625,True,0.6171034574508667,True,0.2942480146884918,True,0.7407331877351989
170,n01443537_170.JPEG,15372,0.4937647581100464,True,0.8081139326095581,True,0.2443174421787262,True,0.9594928363497985
171,n01443537_171.JPEG,10148,0.5606464743614197,True,0.9033047556877136,True,0.10726001858711243,False,0.6651878914405011
172,n01443537_172.JPEG,2016,0.9952019453048706,True,0.8324264883995056,True,0.9822772145271301,True,0.7894568507274485
173,n01443537_173.JPEG,9828,0.014779793098568916,False,0.01442239060997963,False,0.043898895382881165,False,0.8484861845822256
174,n01443537_174.JPEG,10584,0.9713413715362549,True,0.8487875461578369,True,0.9048598408699036,True,0.9950544513024836
175,n01443537_175.JPEG,8624,0.734156608581543,True,0.858540415763855,True,0.050423335283994675,False,0.801497553424686
176,n01443537_176.JPEG,5508,0.23949280381202698,False,0.558006227016449,True,0.09809686243534088,False,0.9984289031425717
177,n01443537_177.JPEG,11220,0.00016256538219749928,False,0.00019771649385802448,False,8.175076800398529e-05,False,0.5717541411281901
178,n01443537_178.JPEG,2016,0.8286223411560059,True,0.8279619812965393,True,0.8887947797775269,True,0.6137829438017622
179,n01443537_179.JPEG,7056,0.027897480875253677,False,0.5121119618415833,True,0.0038630105555057526,False,0.9434837899616882
180,n01443537_180.JPEG,9212,0.017308559268712997,False,0.8390793204307556,True,0.887316882610321,True,0.9658868844971206
181,n01443537_181.JPEG,7104,0.9251376390457153,True,0.8162421584129333,True,0.2624271512031555,True,0.7844722126265867
182,n01443537_182.JPEG,7176,0.05970732867717743,False,0.7231743335723877,True,0.024573197588324547,False,0.9286768904744018
183,n01443537_183.JPEG,2668,0.01953478530049324,False,0.02042640745639801,False,0.02981305867433548,False,0.9036903649335551
184,n01443537_184.JPEG,11440,0.17046578228473663,False,0.7785004377365112,True,0.17226825654506683,True,0.769928323777012
185,n01443537_185.JPEG,2112,0.3048485517501831,False,0.7973077297210693,True,0.7562714219093323,True,0.9820518947486787
186,n01443537_186.JPEG,1248,0.9857378005981445,True,0.7520173192024231,True,0.9472154378890991,True,0.6432345874204598
187,n01443537_187.JPEG,1352,0.3880310356616974,True,0.8280171751976013,True,0.20246019959449768,True,0.6909116541168073
188,n01443537_188.JPEG,15120,0.8864861130714417,True,0.43566030263900757,True,0.015800515189766884,False,0.6111324816263104
189,n01443537_189.JPEG,12980,0.00880812481045723,False,0.04742155596613884,False,0.0014904974959790707,False,0.4705193489498004
190,n01443537_190.JPEG,5076,0.16485092043876648,False,0.6827611327171326,True,0.11410596966743469,False,0.5561240996198845
191,n01443537_191.JPEG,448,0.688969075679779,True,0.810081422328949,True,0.1531600058078766,False,0.8084972398497595
192,n01443537_192.JPEG,9400,0.8844528198242188,True,0.6911481618881226,True,0.3322312533855438,True,0.6409060121294077
193,n01443537_193.JPEG,7040,0.595582902431488,True,0.8199153542518616,True,0.10279283672571182,False,0.9529155263366651
194,n01443537_194.JPEG,10608,0.9714189767837524,True,0.8671665787696838,True,0.9982019662857056,True,0.5299719645241209
195,n01443537_195.JPEG,3696,0.9652084112167358,True,0.8635852336883545,True,0.9925228953361511,True,0.9924149522238476
196,n01443537_196.JPEG,5828,0.9447113871574402,True,0.8165274858474731,True,0.9187795519828796,True,0.7370103441924578
197,n01443537_197.JPEG,10152,0.03388774022459984,False,0.7238786816596985,True,0.08855395019054413,False,0.999802335553297
198,n01443537_198.JPEG,11844,0.9899834394454956,True,0.8223484754562378,True,0.9945166707038879,True,0.735720609829835
199,n01443537_199.JPEG,3100,8.868931763572618e-05,False,0.001733026816509664,False,0.0023388166446238756,False,0.6909171704392064
200,n01443537_200.JPEG,6240,0.5557786822319031,True,0.8126882314682007,True,0.9337601661682129,True,0.6609621686029192
201,n01443537_201.JPEG,3180,0.2922697067260742,True,0.9342746138572693,True,0.6724774837493896,True,0.9390619562831584
202,n01443537_202.JPEG,12992,0.2621324062347412,True,0.13806314766407013,False,0.02817842923104763,False,0.3689269330417627
203,n01443537_203.JPEG,2160,0.02746984362602234,False,0.8544129729270935,True,0.066362664103508,False,0.6057586754474228
204,n01443537_204.JPEG,2772,0.004017398692667484,False,0.01157446950674057,False,0.008845249190926552,False,0.6698119786104108
205,n01443537_205.JPEG,15624,0.9265626668930054,True,0.7710120677947998,True,0.9971393346786499,True,0.946338196888416
206,n01443537_206.JPEG,8568,0.9995336532592773,True,0.808692455291748,True,0.37318822741508484,True,0.8624488158527197
207,n01443537_207.JPEG,10260,0.5032773613929749,True,0.7703920006752014,True,0.7453175783157349,True,0.32830336065714716
208,n01443537_208.JPEG,8664,0.4910682737827301,True,0.7575457096099854,True,0.053969986736774445,False,0.7209696678703013
209,n01443537_209.JPEG,10176,0.0024278834462165833,False,0.5285176634788513,True,0.028715968132019043,False,0.7956752011590803
210,n01443537_210.JPEG,7776,0.0195637047290802,False,0.2122524231672287,True,0.025391556322574615,False,0.7838785660902508
211,n01443537_211.JPEG,13860,0.3927679657936096,True,0.8175880312919617,True,0.9424378275871277,True,0.7300813448534258
212,n01443537_212.JPEG,13452,0.9940817952156067,True,0.8657329082489014,True,0.8752726912498474,True,0.567390722844464
213,n01443537_213.JPEG,15876,0.003112522419542074,False,0.17869700491428375,False,0.006919270846992731,False,0.8566796876330335
214,n01443537_214.JPEG,2400,0.7080626487731934,True,0.8812569975852966,True,0.8427135944366455,True,0.9772629197576373
215,n01443537_215.JPEG,15624,0.8559869527816772,True,0.3646937608718872,True,0.008297184482216835,False,0.8202901754570344
216,n01443537_216.JPEG,10836,0.9927943348884583,True,0.8366649746894836,True,0.9231553077697754,True,0.810644319944428
217,n01443537_217.JPEG,14152,0.0003478187427390367,False,0.002599084284156561,False,0.00017545571608934551,False,0.7479237046948114
218,n01443537_218.JPEG,14616,0.12574516236782074,True,0.8783259391784668,True,0.8854398131370544,True,0.7701474517763452
219,n01443537_219.JPEG,7800,5.150808283360675e-05,False,0.00043605570681393147,False,0.0004501072398852557,False,0.8547184635788193
220,n01443537_220.JPEG,1472,0.23233750462532043,True,0.5442138314247131,True,0.2623455226421356,True,0.9712264943411317
221,n01443537_221.JPEG,3844,0.552852988243103,True,0.026384342461824417,False,0.0075385901145637035,False,0.6122926728958838
222,n01443537_222.JPEG,13104,0.6360847353935242,True,0.4888850748538971,True,0.7926667928695679,True,0.9697794150408058
223,n01443537_223.JPEG,13860,0.44730401039123535,True,0.6826563477516174,True,0.16414609551429749,False,0.7119996363268641
224,n01443537_224.JPEG,3456,0.009892521426081657,False,0.03750504553318024,False,0.054810985922813416,False,0.8225636739851683
225,n01443537_225.JPEG,15120,0.5974029302597046,True,0.803932249546051,True,0.09865126758813858,False,0.8598436894105311
226,n01443537_226.JPEG,14616,0.3167698085308075,True,0.8331525921821594,True,0.6422938108444214,True,0.8754409500641647
227,n01443537_227.JPEG,14616,0.9894828200340271,True,0.8299143314361572,True,0.9992387294769287,True,0.9812098304399096
228,n01443537_228.JPEG,6864,0.978756308555603,True,0.8630096912384033,True,0.8412595391273499,True,0.8157334432712969
229,n01443537_229.JPEG,9912,0.13665713369846344,False,0.7790502905845642,True,0.20987622439861298,True,0.6376182670197378
230,n01443537_230.JPEG,10080,0.9291353225708008,True,0.795870304107666,True,0.6959338188171387,True,0.9014129820095078
231,n01443537_231.JPEG,784,0.5309890508651733,True,0.9285475611686707,True,0.7449319958686829,True,0.5509410038932259
232,n01443537_232.JPEG,13104,0.03266775608062744,False,0.0014196406118571758,False,0.0525704100728035,False,0.7414845563881645
233,n01443537_233.JPEG,1800,0.32122060656547546,True,0.8767722845077515,True,0.07040277123451233,False,0.8408466501744966
234,n01443537_234.JPEG,8772,0.709902822971344,True,0.8219211101531982,True,0.6020593047142029,True,0.877189994073664
235,n01443537_235.JPEG,2900,0.9919061660766602,True,0.49927929043769836,True,0.2066883146762848,False,0.9043635972599611
236,n01443537_236.JPEG,1300,0.013410544022917747,False,0.0021412556525319815,False,0.007010399829596281,False,0.35241353232419914
237,n01443537_237.JPEG,11136,0.235963836312294,True,0.7976447343826294,True,0.008326112292706966,False,0.9323594631271609
238,n01443537_238.JPEG,4176,0.9720547795295715,True,0.9039903879165649,True,0.773015022277832,True,0.7319910432867244
239,n01443537_239.JPEG,12444,1.4775999261473771e-05,False,0.00047396720037795603,False,0.0003086963843088597,False,0.8728649577555194
240,n01443537_240.JPEG,15876,0.931868314743042,True,0.8552467226982117,True,0.5189946889877319,True,0.7435063327634962
241,n01443537_241.JPEG,14112,0.01377773191779852,False,0.29303741455078125,True,0.07497180253267288,False,0.8661252897959504
242,n01443537_242.JPEG,10736,0.04759550467133522,False,0.8699100613594055,True,0.2504224181175232,True,0.8528393493159893
243,n01443537_243.JPEG,12600,0.4848504364490509,True,0.8262313604354858,True,0.32334402203559875,True,0.5330613965260139
244,n01443537_244.JPEG,14112,0.2672629952430725,True,0.01509113423526287,False,0.03350216895341873,False,0.9997215550383738
245,n01443537_245.JPEG,10080,0.6602941751480103,True,0.8219625353813171,True,0.9782147407531738,True,0.6636836799287272
246,n01443537_246.JPEG,10152,0.20992644131183624,False,0.8056465983390808,True,0.5423241257667542,True,0.6940572069303835
247,n01443537_247.JPEG,15876,0.23629528284072876,True,0.9302798509597778,True,0.17298991978168488,False,0.9506918103289747
248,n01443537_248.JPEG,936,0.00033509149216115475,False,0.0008316237363032997,False,0.003292254637926817,False,0.6480343493740565
249,n01443537_249.JPEG,260,0.26918134093284607,False,0.789663553237915,True,0.2817879915237427,False,0.8313121427760729
250,n01443537_250.JPEG,4232,0.7349040508270264,True,0.7608663439750671,True,0.08410237729549408,False,0.5340671209978141
251,n01443537_251.JPEG,4256,0.4716908633708954,True,0.8627535700798035,True,0.10312694311141968,False,0.6287404464786908
252,n01443537_252.JPEG,6048,0.8960524201393127,True,0.8168463110923767,True,0.9603548049926758,True,0.8859147695145411
253,n01443537_253.JPEG,11340,0.47288092970848083,True,0.7389426827430725,True,0.9756248593330383,True,0.9550057747532209
254,n01443537_254.JPEG,1176,0.06522838771343231,False,0.7920640707015991,True,0.228399395942688,True,0.6699309133666739
255,n01443537_255.JPEG,9600,0.9937908053398132,True,0.8729533553123474,True,0.9204370379447937,True,0.7521700826032792
256,n01443537_256.JPEG,12688,0.06036241352558136,False,0.02606038935482502,False,0.016570663079619408,False,0.619100802517416
257,n01443537_257.JPEG,8820,0.9782693982124329,True,0.9089260101318359,True,0.3794393539428711,True,0.8604624949958347
258,n01443537_258.JPEG,4480,0.993746280670166,True,0.8192810416221619,True,0.982790470123291,True,0.9710725719501541
259,n01443537_259.JPEG,14112,0.20844514667987823,True,0.7080554366111755,True,0.23074936866760254,True,0.6701072020249988
260,n01443537_260.JPEG,13452,0.9984470009803772,True,0.838990330696106,True,0.9866002202033997,True,0.674037662624957
261,n01443537_261.JPEG,10800,0.9939975738525391,True,0.85853111743927,True,0.879437267780304,True,0.5182132530170465
262,n01443537_262.JPEG,13888,0.23717652261257172,True,0.0373772531747818,False,0.08978082984685898,True,0.6897609847944032
263,n01443537_263.JPEG,5928,0.6699605584144592,True,0.8401612043380737,True,0.990260660648346,True,0.5070353289781523
264,n01443537_264.JPEG,3944,0.30148035287857056,True,0.7736071348190308,True,0.72832852602005,True,0.7018340645719795
265,n01443537_265.JPEG,14112,0.9882783889770508,True,0.8151117563247681,True,0.9938923120498657,True,0.9759808582204234
266,n01443537_266.JPEG,10384,0.445974200963974,True,0.8031454682350159,True,0.3690090775489807,True,0.6177415821738822
267,n01443537_267.JPEG,13104,0.046039044857025146,False,0.060358334332704544,False,0.0919167548418045,False,0.9446231852500322
268,n01443537_268.JPEG,15120,0.4915347099304199,True,0.8077446222305298,True,0.0630398765206337,False,0.9026426253112514
269,n01443537_269.JPEG,3536,0.8758574724197388,True,0.824760377407074,True,0.9791309833526611,True,0.8779154796177586
270,n01443537_270.JPEG,8528,0.0014156788820400834,False,0.002897444646805525,False,0.0001403891365043819,False,0.6564249467082184
271,n01443537_271.JPEG,9828,0.6788952350616455,True,0.8491383194923401,True,0.7059365510940552,True,0.7417111869959744
272,n01443537_272.JPEG,6480,0.994971752166748,True,0.8330867886543274,True,0.9491164088249207,True,0.9151148155122347
273,n01443537_273.JPEG,12064,0.6176463961601257,True,0.6909030079841614,True,0.2762126922607422,True,0.6447817322082509
274,n01443537_274.JPEG,12600,0.9248170852661133,True,0.7171350717544556,True,0.5642832517623901,True,0.7953012264612253
275,n01443537_275.JPEG,8268,0.9714171886444092,True,0.8521156907081604,True,0.6870843768119812,True,0.5524018253632652
276,n01443537_276.JPEG,936,0.010352893732488155,False,0.48402002453804016,True,0.012678752653300762,False,0.8471918958203005
277,n01443537_277.JPEG,11408,0.1380625218153,True,0.5022881031036377,True,0.20078136026859283,False,0.8021213895410071
278,n01443537_278.JPEG,208,0.008146691136062145,False,0.6941269040107727,True,0.0048166001215577126,False,0.5281887051675261
279,n01443537_279.JPEG,4480,0.6752979159355164,True,0.8783074021339417,True,0.99073725938797,True,0.6415775418881701
280,n01443537_280.JPEG,6800,0.7532888650894165,True,0.7950964570045471,True,0.4381042420864105,True,0.7829653153839694
281,n01443537_281.JPEG,14364,0.1465820074081421,False,0.6260128617286682,True,0.7277578115463257,True,0.629245918856224
282,n01443537_282.JPEG,572,0.9989411234855652,True,0.8241971731185913,True,0.6696196794509888,True,0.8363037219059971
283,n01443537_283.JPEG,15120,0.49840885400772095,True,0.8055582046508789,True,0.6803750395774841,True,0.8262654392953672
284,n01443537_284.JPEG,15876,0.9223815202713013,True,0.803838849067688,True,0.6806234121322632,True,0.9108907252925954
285,n01443537_285.JPEG,8892,0.4214695990085602,True,0.859128475189209,True,0.9502661824226379,True,0.8783551233034582
286,n01443537_286.JPEG,7752,0.42173492908477783,True,0.6452503204345703,True,0.1521696150302887,True,0.8549775756785413
287,n01443537_287.JPEG,6468,1.603573764441535e-05,False,0.0006972249248065054,False,0.0016706200549378991,False,0.9687405194915588
288,n01443537_288.JPEG,11648,0.5090009570121765,True,0.7740539908409119,True,0.9068921208381653,True,0.8022855419365108
289,n01443537_289.JPEG,14112,0.015242418274283409,False,0.7968015670776367,True,0.15421226620674133,False,0.9923250529833714
290,n01443537_290.JPEG,1792,0.0035216868855059147,False,0.003803086932748556,False,0.25667867064476013,False,0.9428951165042787
291,n01443537_291.JPEG,9288,0.9724166989326477,True,0.869520366191864,True,0.9702015519142151,True,0.5358365439140732
292,n01443537_292.JPEG,5320,0.7802220582962036,True,0.8595097661018372,True,0.9526313543319702,True,0.7453584116800009
293,n01443537_293.JPEG,6840,0.01639009825885296,False,0.7291902899742126,True,0.04146202281117439,False,0.7528492656002986
294,n01443537_294.JPEG,936,0.8910268545150757,True,0.8048201203346252,True,0.9769749641418457,True,0.9521548640331772
295,n01443537_295.JPEG,4224,0.18703576922416687,False,0.7873939275741577,True,0.694554328918457,True,0.9837523914471076
296,n01443537_296.JPEG,160,0.8475243449211121,True,0.8246114253997803,True,0.0851680114865303,False,0.9284514085980513
297,n01443537_297.JPEG,4104,0.9947346448898315,True,0.8521931767463684,True,0.8608779907226562,True,0.9289349218703228
298,n01443537_298.JPEG,2356,0.3206898272037506,True,0.7023670077323914,True,0.11318212747573853,False,0.8063856107147145
299,n01443537_299.JPEG,13356,0.9676859378814697,True,0.8626323342323303,True,0.43725529313087463,False,0.6880648119493837
300,n01443537_300.JPEG,13608,0.6086703538894653,True,0.48660314083099365,True,0.1366000771522522,False,0.8106701505898788
301,n01443537_301.JPEG,14868,0.37708988785743713,True,0.3421192765235901,True,0.02876308001577854,False,0.7120866596849984
302,n01443537_302.JPEG,9676,0.17695680260658264,True,0.009075303561985493,False,0.15453149378299713,True,0.7495919015842754
303,n01443537_303.JPEG,14112,3.4621425584191456e-05,False,0.005572210531681776,False,0.0018368338933214545,False,0.7691416043778464
304,n01443537_304.JPEG,7840,0.12463247030973434,False,0.7927135825157166,True,0.25633949041366577,True,0.8752485590814075
305,n01443537_305.JPEG,13216,0.9585677981376648,True,0.8469318151473999,True,0.9966707825660706,True,0.9406018956649356
306,n01443537_306.JPEG,12688,0.9328882694244385,True,0.8486879467964172,True,0.23622138798236847,False,0.5203497378385218
307,n01443537_307.JPEG,240,0.0036670139525085688,False,0.01232241466641426,False,0.01462614443153143,False,0.795576449877941
308,n01443537_308.JPEG,7056,0.008035890758037567,False,0.013799403794109821,False,0.0005835131742060184,False,0.9976731575670985
309,n01443537_309.JPEG,2584,0.1356687694787979,False,0.8441094756126404,True,0.9134715795516968,True,0.958261345424696
310,n01443537_310.JPEG,2860,0.9791715741157532,True,0.8139711022377014,True,0.3436569273471832,False,0.8887324711758089
311,n01443537_311.JPEG,4032,0.2949259877204895,True,0.8196350932121277,True,0.2631748616695404,False,0.9965359046231164
312,n01443537_312.JPEG,11088,0.19600071012973785,True,0.7402109503746033,True,0.0662178248167038,False,0.7510347697715761
313,n01443537_313.JPEG,72,0.07393401116132736,True,0.2535436749458313,True,0.027996493503451347,False,0.7187791833408202
314,n01443537_314.JPEG,12980,0.452443927526474,True,0.8110131025314331,True,0.10219428688287735,False,0.8339141389795514
315,n01443537_315.JPEG,960,0.23026281595230103,True,0.5543508529663086,True,0.9474080801010132,True,0.8878486876401657
316,n01443537_316.JPEG,15876,0.9585037231445312,True,0.7609838843345642,True,0.1303146332502365,False,0.6171038497522436
317,n01443537_317.JPEG,6020,0.8413378596305847,True,0.7858614921569824,True,0.9937784075737,True,0.5884477654618866
318,n01443537_318.JPEG,1664,0.7619855999946594,True,0.8372528553009033,True,0.01323576271533966,False,0.8250594191027381
319,n01443537_319.JPEG,14868,1.0224741345155053e-05,False,0.0006258576759137213,False,0.0005350688588805497,False,0.7927296701298111
320,n01443537_320.JPEG,7560,0.9849091172218323,True,0.8382611870765686,True,0.6428326964378357,True,0.7354532390048883
321,n01443537_321.JPEG,1292,0.0006652171723544598,False,0.04717128723859787,False,0.0028921118937432766,False,0.9942631453352748
322,n01443537_322.JPEG,12896,0.9974049925804138,True,0.8395989537239075,True,0.8757941722869873,True,0.7972295546218151
323,n01443537_323.JPEG,9576,0.4950157403945923,True,0.8673038482666016,True,0.9911605715751648,True,0.8776796386271557
324,n01443537_324.JPEG,2800,0.4529188573360443,True,0.7225666642189026,True,0.91346675157547,True,0.5044858242532662
325,n01443537_325.JPEG,14880,0.145869642496109,True,0.8390709757804871,True,0.4722660183906555,True,0.838648759838598
326,n01443537_326.JPEG,15372,0.0007998705259524286,False,0.0032010693103075027,False,0.00209201336838305,False,0.8965553378726526
327,n01443537_327.JPEG,15624,0.9880772829055786,True,0.8661863207817078,True,0.8781843185424805,True,0.7874640268849341
328,n01443537_328.JPEG,10836,0.04498869180679321,False,0.39225542545318604,True,0.029968321323394775,False,0.8260635193479536
329,n01443537_329.JPEG,208,0.3868096172809601,True,0.8198232650756836,True,0.9502636194229126,True,0.73142457350162
330,n01443537_330.JPEG,9792,0.9951318502426147,True,0.854658842086792,True,0.992159366607666,True,0.8429859574738472
331,n01443537_331.JPEG,10836,0.026375463232398033,False,0.2387177050113678,True,0.17579831182956696,True,0.6771592969451546
332,n01443537_332.JPEG,14112,0.06327230483293533,False,0.1924695074558258,False,0.11823306232690811,False,0.8049026297596494
333,n01443537_333.JPEG,13688,0.014503221958875656,False,0.22308304905891418,True,0.03725399821996689,False,0.5727819849896439
334,n01443537_334.JPEG,1700,0.1047821119427681,False,0.7927943468093872,True,0.7802938222885132,True,0.9867054063826576
335,n01443537_335.JPEG,13860,0.3866158127784729,True,0.70099276304245,True,0.059211526066064835,False,0.953436990654929
336,n01443537_336.JPEG,12096,0.005996393039822578,False,0.006332834251224995,False,0.034129705280065536,False,0.7256655919409408
337,n01443537_337.JPEG,10944,0.9704809188842773,True,0.8036910891532898,True,0.9910258650779724,True,0.5475997435468863
338,n01443537_338.JPEG,4340,0.9541733264923096,True,0.8588157296180725,True,0.2842632532119751,False,0.7084644969352571
339,n01443537_339.JPEG,4488,0.6926600933074951,True,0.2623836398124695,True,0.9560398459434509,True,0.6613960515741687
340,n01443537_340.JPEG,9324,0.9882776141166687,True,0.7596580982208252,True,0.9625073671340942,True,0.7760739288613825
341,n01443537_341.JPEG,720,0.9693446755409241,True,0.5118396282196045,True,0.2185906022787094,False,0.8395474511077361
342,n01443537_342.JPEG,6496,0.9725496172904968,True,0.8083071708679199,True,0.9975367784500122,True,0.9191689754379271
343,n01443537_343.JPEG,13104,0.22302839159965515,False,0.8921068906784058,True,0.6980392932891846,True,0.6072951311269832
344,n01443537_344.JPEG,3828,0.018063051626086235,False,0.904730498790741,True,0.920527994632721,True,0.6990713921336364
345,n01443537_345.JPEG,15624,0.1610349863767624,True,0.8243560194969177,True,0.44319257140159607,True,0.9135719412997363
346,n01443537_346.JPEG,15372,0.07003597170114517,False,0.5949443578720093,True,0.009214128367602825,False,0.9281273501577983
347,n01443537_347.JPEG,1196,0.9859391450881958,True,0.8390602469444275,True,0.9481012225151062,True,0.42648358765876676
348,n01443537_348.JPEG,6448,0.8676040768623352,True,0.7747373580932617,True,0.3999045789241791,True,0.9796747834666893
349,n01443537_349.JPEG,1200,0.08463594317436218,False,0.0415504164993763,False,0.05681467056274414,False,0.9650863852169973
350,n01443537_350.JPEG,12348,0.9317720532417297,True,0.8361149430274963,True,0.995084822177887,True,0.6397853665315979
351,n01443537_351.JPEG,1144,0.980654776096344,True,0.8623191714286804,True,0.9999289512634277,True,0.7478756384817757
352,n01443537_352.JPEG,13104,0.005720570683479309,False,0.8758511543273926,True,0.03199906647205353,False,0.7942780309255247
353,n01443537_353.JPEG,14884,0.0006663670064881444,False,0.7853720784187317,True,0.05232325941324234,False,0.7252702327886393
354,n01443537_354.JPEG,10368,0.15327893197536469,True,0.3146255612373352,True,0.02671237289905548,False,0.6696894109811323
355,n01443537_355.JPEG,7488,0.0367731936275959,False,0.03301534056663513,False,0.018400410190224648,False,0.9123562296608801
356,n01443537_356.JPEG,2200,0.0010677679674699903,False,0.0016170713352039456,False,0.010717826895415783,False,0.9546166464073169
357,n01443537_357.JPEG,572,0.8608660697937012,True,0.8331636190414429,True,0.939456045627594,True,0.5657819591377607
358,n01443537_358.JPEG,7544,0.6081831455230713,True,0.9433799386024475,True,0.7687228918075562,True,0.5761375480673173
359,n01443537_359.JPEG,9804,0.38392049074172974,True,0.7725973725318909,True,0.5144864320755005,True,0.9179296480786358
360,n01443537_360.JPEG,8200,0.988042950630188,True,0.8653786182403564,True,0.9923886656761169,True,0.7214274735853135
361,n01443537_361.JPEG,8968,0.9826001524925232,True,0.660599410533905,True,0.7198000550270081,True,0.6619958804498005
362,n01443537_362.JPEG,3680,0.22122888267040253,True,0.15595367550849915,False,0.0030966533813625574,False,0.8088690662197096
363,n01443537_363.JPEG,4292,0.0009243768290616572,False,0.0007003929931670427,False,0.002728689694777131,False,0.6523146549456983
364,n01443537_364.JPEG,12852,0.025359654799103737,False,0.12058886140584946,False,0.0007533419411629438,False,0.973474570230084
365,n01443537_365.JPEG,8268,0.8437963128089905,True,0.33080118894577026,True,0.03718655928969383,False,0.6645574202102833
366,n01443537_366.JPEG,13608,0.9881120920181274,True,0.8464866876602173,True,0.3521847128868103,False,0.7528517566267307
367,n01443537_367.JPEG,3960,0.8966615796089172,True,0.8280399441719055,True,0.9987183809280396,True,0.5397891219085782
368,n01443537_368.JPEG,9360,0.9609495401382446,True,0.8098224997520447,True,0.5250664949417114,True,0.6422423897391245
369,n01443537_369.JPEG,5000,0.04175221920013428,False,0.6234127879142761,True,0.16270068287849426,False,0.8861858168921207
370,n01443537_370.JPEG,3100,0.24218705296516418,True,0.8436490297317505,True,0.18037818372249603,False,0.7271048678749562
371,n01443537_371.JPEG,728,0.7117530107498169,True,0.868849515914917,True,0.8983278870582581,True,0.6079973852509009
372,n01443537_372.JPEG,7140,0.00033138252911157906,False,0.14883947372436523,True,0.03443679213523865,False,0.8076421557466965
373,n01443537_373.JPEG,12600,0.19644860923290253,True,0.8182064890861511,True,0.842708170413971,True,0.7779757966219746
374,n01443537_374.JPEG,14868,0.6618020534515381,True,0.775412917137146,True,0.2719271183013916,False,0.7877179696021416
375,n01443537_375.JPEG,1296,0.6614700555801392,True,0.8264973759651184,True,0.9867643117904663,True,0.8803104916117186
376,n01443537_376.JPEG,14152,0.01647959277033806,False,0.22818459570407867,True,0.02842659316956997,False,0.9380171088015533
377,n01443537_377.JPEG,12152,0.23405031859874725,True,0.28510206937789917,True,0.07082169502973557,False,0.918312511936357
378,n01443537_378.JPEG,11088,0.0426570363342762,False,0.849199652671814,True,0.052799977362155914,False,0.9058101829996842
379,n01443537_379.JPEG,13356,0.9997133612632751,True,0.8302732110023499,True,0.9986082911491394,True,0.7038818005313933
380,n01443537_380.JPEG,1820,0.0195604357868433,False,0.692488431930542,True,0.48735615611076355,True,0.994277564473469
381,n01443537_381.JPEG,15120,0.014162222854793072,False,0.03094363771378994,False,0.0014664670452475548,False,0.8882079909933162
382,n01443537_382.JPEG,4080,0.0005145870964042842,False,0.0005501564010046422,False,0.0003907865902874619,False,0.5999866414592088
383,n01443537_383.JPEG,11088,3.5633195238915505e-06,False,0.3009118437767029,True,6.462263627327047e-06,False,0.6608110106168138
384,n01443537_384.JPEG,12152,0.9966803789138794,True,0.8041804432868958,True,0.9996708631515503,True,0.7339402677430011
385,n01443537_385.JPEG,11088,0.8813740611076355,True,0.8509070873260498,True,0.9941936135292053,True,0.9275899600625409
386,n01443537_386.JPEG,832,0.5671160817146301,True,0.852945864200592,True,0.5753565430641174,True,0.9555199018474388
387,n01443537_387.JPEG,5504,0.46664148569107056,False,0.835975706577301,True,0.9436087012290955,True,0.7561973481317571
388,n01443537_388.JPEG,5616,0.7193100452423096,True,0.8961771726608276,True,0.38734281063079834,True,0.8526577985862791
389,n01443537_389.JPEG,14616,0.9998877048492432,True,0.8628038763999939,True,0.9999285936355591,True,0.5349276754004908
390,n01443537_390.JPEG,2808,0.0003704633272718638,False,0.0024796847719699144,False,0.00926389079540968,False,0.744752481877689
391,n01443537_391.JPEG,9212,0.009760059416294098,False,0.5617663264274597,True,0.010184057988226414,False,0.8722641711193054
392,n01443537_392.JPEG,160,0.9828299880027771,True,0.8133603930473328,True,0.8847936987876892,True,0.6898165554952119
393,n01443537_393.JPEG,14868,0.13513927161693573,False,0.7238588333129883,True,0.033116575330495834,False,0.9673863873988059
394,n01443537_394.JPEG,1400,0.06553851068019867,False,0.774893581867218,True,0.9227080941200256,True,0.9276696211342063
395,n01443537_395.JPEG,13420,0.21879258751869202,False,0.7694705724716187,True,0.003429741831496358,False,0.5445680164471607
396,n01443537_396.JPEG,11088,0.9364509582519531,True,0.8744267821311951,True,0.9791395664215088,True,0.8592336447868002
397,n01443537_397.JPEG,1152,0.2263496071100235,True,0.708975613117218,True,0.7486010789871216,True,0.5934505735785605
398,n01443537_398.JPEG,3648,0.8584185838699341,True,0.8331457376480103,True,0.9981858134269714,True,0.5412793519843129
399,n01443537_399.JPEG,1364,0.4303525388240814,True,0.7040504813194275,True,0.9516346454620361,True,0.8688389987796694
400,n01443537_400.JPEG,832,0.33625441789627075,True,0.3232627213001251,True,0.08888967335224152,False,0.779928731817895
401,n01443537_401.JPEG,14364,0.7799217700958252,True,0.7961326837539673,True,0.028948267921805382,False,0.6166321075588774
402,n01443537_402.JPEG,12600,0.9158068895339966,True,0.8591492772102356,True,0.2850961685180664,False,0.930599758930242
403,n01443537_403.JPEG,2772,0.9800683856010437,True,0.8286975622177124,True,0.9032868146896362,True,0.8798990865421008
404,n01443537_404.JPEG,13216,0.2355286180973053,True,0.6088642477989197,True,0.003946262877434492,False,0.9160103748725485
405,n01443537_405.JPEG,10080,0.5104172229766846,True,0.7568376660346985,True,0.684895396232605,True,0.8896784155711347
406,n01443537_406.JPEG,12240,0.9803310036659241,True,0.8452543020248413,True,0.986050546169281,True,0.9704617912710398
407,n01443537_407.JPEG,4524,0.9046734571456909,True,0.8253714442253113,True,0.9453740119934082,True,0.745236123065426
408,n01443537_408.JPEG,780,0.8579648733139038,True,0.8965786099433899,True,0.9897543787956238,True,0.5644089122296986
409,n01443537_409.JPEG,10836,0.7796217203140259,True,0.7320845127105713,True,0.14112980663776398,False,0.5915840033757612
410,n01443537_410.JPEG,12400,0.9963517189025879,True,0.8345458507537842,True,0.9917782545089722,True,0.5991097473355652
411,n01443537_411.JPEG,8568,0.860260546207428,True,0.9303520917892456,True,0.915053129196167,True,0.8267899286766719
412,n01443537_412.JPEG,5712,0.13246987760066986,False,0.8650936484336853,True,0.1194118782877922,False,0.6973732383214569
413,n01443537_413.JPEG,11040,0.00024871944333426654,False,0.0067656999453902245,False,0.00037446717033162713,False,0.7859544986873523
414,n01443537_414.JPEG,15120,0.05331408232450485,False,0.9134397506713867,True,0.9971503615379333,True,0.8881292818243933
415,n01443537_415.JPEG,6956,0.933880090713501,True,0.8446452021598816,True,0.9913762211799622,True,0.7299459954674767
416,n01443537_416.JPEG,7740,0.0015486686024814844,False,0.8048437833786011,True,0.02057855948805809,False,0.6494484796874218
417,n01443537_417.JPEG,3240,0.4071965515613556,True,0.8149459958076477,True,0.9395107626914978,True,0.9252379945379191
418,n01443537_418.JPEG,1400,0.8725827932357788,True,0.8152997493743896,True,0.9997826218605042,True,0.8809591857008582
419,n01443537_419.JPEG,5676,0.9922000765800476,True,0.8113840818405151,True,0.9599032402038574,True,0.7249032132786932
420,n01443537_420.JPEG,15876,0.9884944558143616,True,0.798412561416626,True,0.9709722399711609,True,0.8974533370770896
421,n01443537_421.JPEG,12528,0.09426283091306686,False,0.8391415476799011,True,0.9551162123680115,True,0.9389756590113219
422,n01443537_422.JPEG,7560,0.8270232081413269,True,0.8257279396057129,True,0.9878557324409485,True,0.9689700615421863
423,n01443537_423.JPEG,7440,0.9577201008796692,True,0.8025591969490051,True,0.7509791851043701,True,0.7942269372658478
424,n01443537_424.JPEG,4340,0.3668501675128937,True,0.8207984566688538,True,0.7806264758110046,True,0.8124720436871955
425,n01443537_425.JPEG,0,0.9988466501235962,True,0.8532369136810303,True,0.9949575066566467,True,0.4376527908449387
426,n01443537_426.JPEG,12348,0.5125589966773987,True,0.8294141292572021,True,0.955932080745697,True,0.6419223816742611
427,n01443537_427.JPEG,8064,0.27262112498283386,True,0.7503883838653564,True,0.05180143564939499,False,0.8378647637725308
428,n01443537_428.JPEG,6992,0.014844794757664204,False,0.3032914698123932,True,0.2831743061542511,True,0.8736176490297443
429,n01443537_429.JPEG,14616,0.746873140335083,True,0.8131808042526245,True,0.7031919360160828,True,0.7639063355056963
430,n01443537_430.JPEG,11340,0.9783098697662354,True,0.8116380572319031,True,0.9782978892326355,True,0.747166889433396
431,n01443537_431.JPEG,8364,0.009114094078540802,False,0.06649501621723175,False,0.02702171355485916,False,0.876822836519019
432,n01443537_432.JPEG,1972,0.563819169998169,True,0.8400246500968933,True,0.43742623925209045,True,0.7529748956726088
433,n01443537_433.JPEG,2268,0.7812347412109375,True,0.8407458066940308,True,0.3531462550163269,False,0.4640666435137802
434,n01443537_434.JPEG,15624,0.09333562105894089,False,0.01796174794435501,False,0.02967919409275055,False,0.8352224098222899
435,n01443537_435.JPEG,15876,0.9300110936164856,True,0.7814229130744934,True,0.929262638092041,True,0.8685229090256141
436,n01443537_436.JPEG,6384,0.45032209157943726,True,0.7550700306892395,True,0.9439374804496765,True,0.7780600402475707
437,n01443537_437.JPEG,5452,0.9925103187561035,True,0.8109267950057983,True,0.7698870301246643,True,0.738670838287887
438,n01443537_438.JPEG,1224,0.8920829892158508,True,0.9154770970344543,True,0.9732969403266907,True,0.6092566214337111
439,n01443537_439.JPEG,9856,0.9563167691230774,True,0.8125280737876892,True,0.7508522868156433,True,0.6901705057688183
440,n01443537_440.JPEG,4836,0.6046582460403442,True,0.8668349385261536,True,0.05924869328737259,False,0.6347360471224028
441,n01443537_441.JPEG,512,0.25280866026878357,True,0.7474905848503113,True,0.788258969783783,True,0.872282911433472
442,n01443537_442.JPEG,660,0.8839598894119263,True,0.868272602558136,True,0.8740624189376831,True,0.6710303447143122
443,n01443537_443.JPEG,3672,0.36102354526519775,True,0.8386663794517517,True,0.1808023750782013,True,0.8856046313672589
444,n01443537_444.JPEG,13608,0.03003338910639286,False,0.058707963675260544,False,0.015645097941160202,False,0.7587686000140274
445,n01443537_445.JPEG,8640,0.7386044263839722,True,0.8478291630744934,True,0.757958173751831,True,0.9965588357349324
446,n01443537_446.JPEG,13608,0.10614702105522156,False,0.8995873332023621,True,0.475297212600708,True,0.5321853425698083
447,n01443537_447.JPEG,9288,0.08766145259141922,False,0.44752418994903564,True,0.9135302305221558,True,0.7588374474373442
448,n01443537_448.JPEG,6392,0.9969072937965393,True,0.8066494464874268,True,0.2607220709323883,False,0.7416971067789447
449,n01443537_449.JPEG,15876,0.2500118315219879,True,0.8875295519828796,True,0.36570191383361816,True,0.2748272469636647
450,n01443537_450.JPEG,12544,0.11806440353393555,False,0.627038836479187,True,0.25287970900535583,False,0.8988532670823779
451,n01443537_451.JPEG,15876,0.9882495403289795,True,0.8576686382293701,True,0.9662045240402222,True,0.9656494579814399
452,n01443537_452.JPEG,6860,0.973954439163208,True,0.8554167151451111,True,0.9970249533653259,True,0.6088064785590308
453,n01443537_453.JPEG,7872,0.996826708316803,True,0.826103150844574,True,0.7868718504905701,True,0.4581731917701624
454,n01443537_454.JPEG,11844,0.9981834292411804,True,0.8390405774116516,True,0.9668781757354736,True,0.9092818620493898
455,n01443537_455.JPEG,11172,0.9915733933448792,True,0.8423654437065125,True,0.926366925239563,True,0.8312437041378543
456,n01443537_456.JPEG,5624,0.00015728484140709043,False,0.0021985440980643034,False,0.0005662040784955025,False,0.9140641560857433
457,n01443537_457.JPEG,9984,0.784290611743927,True,0.8734400272369385,True,0.9321144819259644,True,0.9232010333381172
458,n01443537_458.JPEG,15876,0.5429278612136841,True,0.22946758568286896,False,0.7284921407699585,True,0.9676118162357478
459,n01443537_459.JPEG,4644,0.0019310259958729148,False,0.002600018633529544,False,0.0008557015098631382,False,0.7784937381108827
460,n01443537_460.JPEG,10980,0.001482577994465828,False,0.001742529566399753,False,0.008387680165469646,False,0.2832984367004668
461,n01443537_461.JPEG,6800,0.41351231932640076,False,0.8464866876602173,True,0.24702095985412598,False,0.9162838289341798
462,n01443537_462.JPEG,13608,0.04039042815566063,False,0.5206179618835449,True,0.07303116470575333,False,0.9689125909490827
463,n01443537_463.JPEG,11340,0.20935717225074768,False,0.9114649295806885,True,0.014026631601154804,False,0.9241528557890114
464,n01443537_464.JPEG,13440,0.4046054780483246,False,0.843666136264801,True,0.884939968585968,True,0.8428956975085389
465,n01443537_465.JPEG,15624,0.41648775339126587,True,0.29622402787208557,True,0.12715458869934082,False,0.37875336326806497
466,n01443537_466.JPEG,15376,0.36076897382736206,False,0.6107547879219055,True,0.15470388531684875,False,0.8315808585464761
467,n01443537_467.JPEG,11440,0.10982318222522736,False,0.06710811704397202,False,0.14176812767982483,False,0.7784772433938575
468,n01443537_468.JPEG,12348,0.5113584399223328,True,0.6048986911773682,True,0.10209844261407852,False,0.7722436444568204
469,n01443537_469.JPEG,8568,0.048679251223802567,False,0.1951073706150055,False,0.011596261523663998,False,0.4448057580943896
470,n01443537_470.JPEG,2912,0.9990136623382568,True,0.8550248742103577,True,0.9882086515426636,True,0.7255362900572481
471,n01443537_471.JPEG,11648,0.612825870513916,True,0.7208642363548279,True,0.2492985725402832,True,0.5942293369929958
472,n01443537_472.JPEG,14384,0.5261777639389038,True,0.6549047231674194,True,0.8519212603569031,True,0.7751694524626336
473,n01443537_473.JPEG,10388,0.5719492435455322,True,0.7764632105827332,True,0.5507239103317261,True,0.398922798594264
474,n01443537_474.JPEG,11424,0.20762993395328522,True,0.8453738689422607,True,0.1999865174293518,True,0.7005960672022215
475,n01443537_475.JPEG,12744,0.0017016520723700523,False,0.004274542443454266,False,0.0003455749829299748,False,0.854055802731116
476,n01443537_476.JPEG,10152,0.0017110340995714068,False,0.0002935934462584555,False,0.0029364326037466526,False,0.54842039807283
477,n01443537_477.JPEG,12348,0.9457036852836609,True,0.838826060295105,True,0.2851465344429016,False,0.6188758947827832
478,n01443537_478.JPEG,15624,0.021110042929649353,False,0.7873512506484985,True,0.5706726312637329,True,0.8859903445162507
479,n01443537_479.JPEG,11844,0.9948150515556335,True,0.8329911231994629,True,0.9996607303619385,True,0.8980900500809255
480,n01443537_480.JPEG,14616,0.07169471681118011,False,0.6581032276153564,True,0.006118076387792826,False,0.7554689119106297
481,n01443537_481.JPEG,14616,0.8363153338432312,True,0.8198317885398865,True,0.9999426603317261,True,0.5339952641080347
482,n01443537_482.JPEG,6240,0.09483908861875534,False,0.8485736846923828,True,0.01251811720430851,False,0.6809009059354048
483,n01443537_483.JPEG,4472,0.07272122800350189,False,0.028023026883602142,False,0.02006118930876255,False,0.7350886097493519
484,n01443537_484.JPEG,15876,0.8772637248039246,True,0.34262600541114807,True,0.017473779618740082,False,0.6227604366668495
485,n01443537_485.JPEG,7392,0.12432152777910233,True,0.7610769867897034,True,0.21866685152053833,True,0.8117863902324373
486,n01443537_486.JPEG,15624,0.9710978269577026,True,0.8708542585372925,True,0.6768897175788879,True,0.8007712991482698
487,n01443537_487.JPEG,4104,0.004893259610980749,False,0.016149286180734634,False,0.013611470349133015,False,0.9909189847196983
488,n01443537_488.JPEG,8436,0.950789213180542,True,0.8276522159576416,True,0.9398504495620728,True,0.823209626651563
489,n01443537_489.JPEG,2752,0.02100582979619503,False,0.8204530477523804,True,0.5809215903282166,True,0.8490965017003445
490,n01443537_490.JPEG,4884,0.4364948570728302,True,0.8184525370597839,True,0.05983085185289383,False,0.9412094829846073
491,n01443537_491.JPEG,7956,0.7619718909263611,True,0.8202818036079407,True,0.6813952326774597,True,0.6463428875896852
492,n01443537_492.JPEG,2432,0.9094645380973816,True,0.8488475680351257,True,0.16571387648582458,False,0.6190058892543449
493,n01443537_493.JPEG,5152,0.6385563611984253,True,0.8378430008888245,True,0.8112515807151794,True,0.8770254171921961
494,n01443537_494.JPEG,13356,0.0019942757207900286,False,0.7072402834892273,True,0.12948061525821686,False,0.8778063437564003
495,n01443537_495.JPEG,10560,0.8840441107749939,True,0.8438488841056824,True,0.9924431443214417,True,0.9049553891788207
496,n01443537_496.JPEG,3712,0.08460678905248642,True,0.37240275740623474,True,0.8070366978645325,True,0.8639369366787967
497,n01443537_497.JPEG,4368,0.00334647367708385,False,0.0016659897519275546,False,0.0014402971137315035,False,0.29675433674533397
498,n01443537_498.JPEG,5040,0.8758519887924194,True,0.8442884683609009,True,0.7157562375068665,True,0.7129738890283706
499,n01443537_499.JPEG,6084,0.9266936779022217,True,0.8673484921455383,True,0.995780348777771,True,0.645992591880401
